ticker,avg vv-ratio,avg slope,avg r2,beta,alpha,beta r2,avg slope/r2,avg wr2
MMM,-0.0032063366279097127,-0.0007800156930646908,0.43236859969533514,-0.28689742316346634,-0.10500813997378922,0.022916724247739047,-0.0018040525921963857,0.0013254339914729226
AOS,0.000344365728168724,-0.00026072047901374066,0.514417935144477,1.2063400266393853,-0.13786310613261082,0.3238101652156478,-0.0005068261839286687,0.12856793703997674
ABT,-0.00771849822211926,-0.0002145506834772567,0.4261108960147967,0.7831099550986333,0.0034660657761191455,0.3712627028602732,-0.0005035090289496057,0.0825963221918254
ABBV,-0.0015943344957759908,0.0022698193448140915,0.5406065188724163,0.3146809561506959,0.09043648309113,0.009953308650595304,0.004198653300645402,0.08778625982056681
ABMD,0.0037332605707692873,-0.00025363400553687064,0.3514530351906049,0.5099857330795323,-0.019505018926515606,0.06410964667724896,-0.0007216725426750585,0.13846846625112874
ACN,0.0022056237512980167,0.0006673858450479642,0.5441356482286628,1.4789217525260028,-0.03497668829243644,0.5016682771593824,0.0012265063816725122,0.1575771075872417
ATVI,-0.0018502621782415453,-0.000929810205644011,0.3390933937098489,-1.39140162174855,-0.028922488919356892,0.6397050420605208,-0.0027420475387958136,0.037893317679018844
ADM,-0.0032122498699990922,0.0010702758763954231,0.5798269866882071,0.15186385510071782,0.07557265491423144,0.0017833126818835106,0.0018458538511781054,0.14037153171401578
ADBE,0.0017235395608220794,-0.001253056108367109,0.5827826939950209,0.4933748565407111,-0.08341324643178934,0.022350378773789994,-0.002150125803800575,0.07934317065762848
AAP,-0.00780867162220004,-0.00048389253245391145,0.5061017326851102,0.913153536090664,-0.03917445295331967,0.4102694471938693,-0.0009561171227109452,0.11236984570032736
AMD,-0.005327245269625366,0.0028539169824909347,0.21674888294393152,3.73627721628245,-0.12089798477372271,0.6270268313442561,0.013166928215400235,0.002706245465746548
AES,-0.008426951786264724,-0.0009629213327767287,0.45869934902244713,-0.09619894766187573,-0.0712954880143424,0.0065568665532769145,-0.0020992428588112225,0.11462311361017612
AFL,0.013166666119231257,0.0003127234401805925,0.35693381266196805,0.459620867584492,-0.015261901906921456,0.10732371205803523,0.0008761384578511626,0.1479221897816492
A,-0.003754044112285021,-0.000403687069556781,0.40058369100413505,0.36702123688894994,-0.03616183286171598,0.029841193757355486,-0.0010077471415395538,0.01857659779962311
APD,-0.003598723079617254,-0.0008500360791358023,0.5001457862718274,0.332458032964624,-0.14009375452776537,0.04087974519026966,-0.0016995766083967583,0.09755753189072162
AKAM,-0.0006504347457492328,-0.0012425505740841986,0.503496099588053,0.007977486054081412,-0.05623414149949087,5.8720308838732854e-05,-0.002467845481029188,0.14529478603267582
ALK,-0.00023516018033906008,-0.0005253229387708609,0.46489892152154777,-0.40395634997613317,-0.09277109680573227,0.08931874851188144,-0.0011299723756113564,0.1496747631832341
ALB,0.0002718878971687442,0.0037136295090065487,0.4736132030492175,2.0692330241317958,0.03679834028528184,0.3872009681122988,0.00784105993054554,0.08343515674756484
ARE,-0.0005785247182172606,-0.0007221433162587227,0.42081347672446145,0.8308439537164852,-0.10246585386330502,0.31658878877417695,-0.001716065088693832,0.16488437106802167
ALGN,-0.0010778702826708048,-0.00204554925020919,0.4058440914957886,0.6245744315124299,-0.17574329797349067,0.018780524238929352,-0.005040234151666629,0.14586172391434407
ALLE,-0.03803586131017257,-0.000830617073139935,0.35059002972737796,-0.15290205649947336,-0.06506558846145538,0.009185408169061587,-0.0023691976459964664,0.00015121720871869523
LNT,-0.0008430283233739604,-0.00022396501111112622,0.47937516297392796,0.07638132980029536,-0.001590277470344438,0.009245590083685421,-0.00046720195039246773,0.10587659935245088
ALL,0.0023472488520716603,0.0002497494289221445,0.5946929921846591,-0.6087662577828205,0.051435445295786,0.2576540572713008,0.00041996363199886907,0.12051943390790304
GOOGL,-0.01676326221895401,0.00012679587230402423,0.3972693297841041,1.027079306204523,-0.04260225347734446,0.36358806748607925,0.0003191685408308046,0.14493995311340066
GOOG,-0.0100802606353435,4.763670797389608e-05,0.41506467315268836,0.8671314166506978,-0.04772907706721054,0.2891652807015778,0.00011476936259610832,0.14711035332204428
MO,-0.001735365388729117,9.432277313117348e-05,0.4465156864200256,-0.2552760429100668,0.06049308393246723,0.03789215809512988,0.0002112417906018346,0.07799103127828255
AMZN,-0.0013549474951238842,-0.0007432687606074165,0.4312793131640986,0.1654415824962781,-0.08015754854940611,0.005269859177931288,-0.001723404619513035,0.15992349255859453
AMCR,0.00022220304312035183,0.0008355648937777232,0.5371282773406081,0.03291783901127731,-0.02215463247348731,0.0014919998450624785,0.0015556151649931997,0.1399330481066835
AEE,-0.0084809376355712,0.00022184416878233786,0.3963322920071689,0.13521415185086536,0.00020547584079947182,0.0191138730122865,0.0005597428553167833,0.09504451019976519
AAL,0.0005578296238310063,-0.00036841960111302387,0.34549055063987555,-0.49292802194017776,-0.1176549544093627,0.08478916784862288,-0.0010663666500594067,0.09861323720227289
AEP,-0.0002769369869896685,0.00037507576908809345,0.5037052516094501,-0.11511148889862367,0.07296244825481236,0.00582427819330819,0.0007446334297481375,0.04741470690881674
AXP,0.001647819109312539,0.000801739026038672,0.585952091035086,0.09493235841959533,0.03701560107353164,0.005875208520579892,0.001368267198470779,0.1485434457184242
AIG,0.0018209111726487192,0.0014092740574981118,0.5826662014086949,0.8963040150805306,-0.0147706684580107,0.24657497810660822,0.0024186645013748037,0.10004614391836346
AMT,-0.004838847247979848,-0.0008832841917394997,0.5914955004135947,-0.09686867193882039,-0.01045817215868922,0.004741016088833547,-0.001493306696537634,0.07769137178510387
AWK,-0.007500565544829394,-0.0006307620519975109,0.5748117295879821,0.5211041465344198,-0.03470924441614748,0.1341534958598398,-0.0010973367792087912,0.148284092319661
AMP,0.022222832894429053,0.0007466567335091348,0.38474465556645565,1.2582073482515466,-0.06067821036342462,0.5474931166728113,0.0019406552442160364,0.12699733512584066
ABC,-0.02200621503608314,0.0010064618810104377,0.47016728997944046,0.19692834047813346,0.09213341610155538,0.006257740302869015,0.002140646324108273,0.09109888993330101
AME,0.000271072315048092,-0.00036190486614670034,0.466716673848172,0.4382183943446428,-0.08184392524353556,0.20376045461107994,-0.0007754273340241362,0.15061125326004066
AMGN,-0.001985995172474958,-5.0960474484573905e-05,0.5733621637062934,-0.6500145638858704,0.036388841282451984,0.29336059373800377,-8.888007913734357e-05,0.021766087287778096
APH,-0.001988659047472161,0.0006545195958553797,0.3152071440590707,1.1900474678062434,-0.0537707775828981,0.6522865998425914,0.002076474496823971,0.05347243894886401
ADI,-0.0022235002702240925,-0.00010114242083805589,0.19673678717626428,0.3864480011243631,-0.059162559004746075,0.1461094231407701,-0.0005141001959508385,0.007003490436118018
ANSS,-0.012876925755051356,-0.0009981499220371233,0.35364194935195853,0.9551583515484018,-0.12369311867626655,0.13973782715367375,-0.002822487331794806,0.13482480055883087
ANTM,0.002478188526247445,0.0008690343678432594,0.40591200445171755,0.4460828649741331,0.06916093557944991,0.03381384679862202,0.0021409427617621233,0.10108989839244821
AON,-0.0007808590290738158,-4.37080862550716e-05,0.5973103131996147,1.1442621668353647,-0.011430073501041416,0.33972676829557563,-7.317483942465401e-05,0.16034715394569543
APA,0.005778020390139583,0.002335321037648135,0.3782727561000057,0.8696552572475198,0.20893518087732962,0.011671424140338539,0.006173643224337138,0.006068807892930029
AAPL,0.04605390028329305,0.0009688770443895365,0.5134929543738238,1.1363824279089598,0.04308913576280071,0.3401813872909759,0.001886836101911132,0.15520069371573395
AMAT,-0.011794567828313915,-0.00044494082110462316,0.24186758115200938,0.8264074795350883,-0.14453233811202695,0.1885115341538519,-0.0018396050391928547,0.058024428913898946
APTV,-0.033093365394985995,-0.00048396138523269046,0.3124909378540853,0.7217527742541224,-0.1890859107018086,0.053708841987760395,-0.0015487213439087685,0.13222847101967258
ANET,0.01117428098741334,0.0021255918774583118,0.4216406836603126,2.4924580675660084,-0.1118582597842134,0.4145816149869207,0.005041239993744905,0.16029363532943453
AJG,0.003536150817814647,0.0005850544323172312,0.4540828950500991,0.8247537645080749,-0.02360323735612277,0.27038045744909217,0.0012884308981792453,0.15570209826060002
AIZ,0.00019687494746169036,0.0009376622950867293,0.5268822120322064,-0.14035105657786665,0.046814202988293946,0.01026856848047744,0.0017796431036647207,0.09597566111655205
T,-0.009088864152470955,-0.0006811739563190608,0.5859329990800587,-0.4646609231367096,-0.0827041333003393,0.05973875978880377,-0.0011625458156282965,0.07999260339783984
ATO,-0.013263954434566289,0.0005547322060229573,0.3989711022174882,-0.09445988345464994,0.033787790081247916,0.002626036233966178,0.001390406981708064,0.12156010695300141
ADSK,-0.0044533153968384824,-0.0010712030589306019,0.25917294677501773,0.22397174678556236,-0.09827399723667124,0.0046484536801651615,-0.004133159236949562,0.039249874085203175
ADP,0.0009788925180470968,0.0007394424347136276,0.5622653574823234,0.892917178836042,-0.036338968492214935,0.4446946204768648,0.0013151129175460081,0.14263766625382887
AZO,0.0011330943809246207,0.0010103910015578507,0.6123039194788162,1.409005223632413,0.1340956438169158,0.2302086882734716,0.0016501462254526805,0.13720978896584443
AVB,0.005005915773110197,-0.0002471831852964763,0.4553977615717893,0.8685998815661717,-0.03369341236070142,0.41497039871729513,-0.0005427852443616153,0.1546156278369924
AVY,-0.011754687563518372,-0.0005711677623114989,0.4496174404319494,0.3103424826378679,-0.10900397777363446,0.02893337075451995,-0.0012703416525897562,0.001912137441859055
BKR,-0.008357759923045074,0.0013292299986601482,0.5281683735203817,0.04331913915717873,0.10070342076105136,0.00010505806940244058,0.0025166785163611353,0.0022371910892574555
BLL,0.057069748592654373,0.001300856811252977,0.31072426637364287,0.7283649512198985,0.002557972258288424,0.38180379603457637,0.004186531121095993,0.005514991705374929
BAC,-0.010946476239477776,0.00040861138423737555,0.46551468526889456,1.039274109589305,-0.11902511417007702,0.31645759292051384,0.0008777626080718592,0.12329439518615719
BBWI,0.0012526475126769245,-0.002513384279791399,0.379702521270571,-0.8399322175997104,0.01761285193508079,0.07571847543801367,-0.006619351041918403,0.16866000198979614
BAX,0.0029482895220058476,-0.0005390152671212003,0.3962749680368841,0.10976426458481726,-0.05101897293033297,0.011251785547144837,-0.0013602051873007287,0.04204605419073691
BDX,0.014818803053450184,-8.13087565983737e-05,0.3500662079673789,0.01733349278959665,0.042562562362214534,0.0005058601605532004,-0.00023226679624544194,0.07104336250258317
BRK.B,0.0017937273950305935,0.0004783616073020621,0.4394989937260163,0.30040467047926195,0.021507201009652477,0.03463385554720007,0.001088424806724979,0.16327893788931808
BBY,-0.05484401656798483,-0.001293826527511592,0.18305715317217702,0.35977834145539367,-0.13200310922781835,0.026406704346292074,-0.007067882926676265,0.12326502306404723
BIO,0.0026884909992943495,-0.0004100701411027097,0.4652496712002521,0.8268667273224107,-0.01650943857717585,0.06752154489070225,-0.0008813980245161912,0.06883178640547573
TECH,-0.0019986421227072707,-0.00046126930935295535,0.4820292259521563,0.3540342787468131,-0.05191991957111959,0.02635294891865892,-0.0009569322450144102,0.13293186796362766
BIIB,-0.0012389608013198183,-0.0016179659468537264,0.4940061935352577,-1.0872680565972448,-0.2114845705656129,0.16060405396301075,-0.0032751936474218527,0.10467437743352481
BLK,-0.004577678329009899,-0.0005762001626895418,0.4299656377563308,0.5352213327811735,-0.13081433387163027,0.05194484624161919,-0.001340107469276614,0.14821845008270362
BK,-0.0035694136256625717,0.000275274523846444,0.424730179062025,1.2141533340837447,-0.09175998019002772,0.3145426536688418,0.0006481162333563413,0.06811751146035541
BA,0.2519674838847774,-0.0018411149679695414,0.3519909119848071,-0.06589607399368684,-0.16883862892928986,0.0007238416085127266,-0.005230575294083187,0.1651973068839763
BKNG,0.004188939977021117,0.0009015017080914563,0.464312307994561,0.301558541665278,-0.04695777084503569,0.054536003568856656,0.0019415847750949918,0.10271716616228686
BWA,0.03845864754980598,-0.0003792136003850941,0.3735520813176072,-0.04513716432920812,-0.15801356797871124,0.0009014991745538983,-0.0010151559028864661,0.0078975453483315
BXP,0.00028324407857103215,-0.000305498588961352,0.44817775625479417,0.15081214621174654,-0.0788012081999653,0.027833374772919205,-0.0006816460315082495,0.15116089351458017
BSX,-0.007583270410889638,-0.0009289431447886777,0.4064148039463561,-0.09501068688442492,0.02173571918317218,0.013034659179214649,-0.0022857020358719306,0.12675858431482392
BMY,0.09527516222141942,0.0008288217072485711,0.5179639771735098,-0.6960733190772169,0.0799730370053276,0.14158866301025577,0.0016001531839557421,4.925790509389891e-07
AVGO,0.003708324876856654,0.00148374071118444,0.2902262399894952,1.258582087387517,-0.015684777047865528,0.2937568053053773,0.005112358935009268,0.05151043834876764
BR,-0.00406523970604729,-0.0004614087582403243,0.5283628496887618,0.47617059742592405,-0.05449394739236503,0.08905615291154224,-0.0008732800924821313,0.14356336011177329
BRO,0.004648528697075021,0.0007724057258128544,0.5074470790595691,1.4438031722081868,-0.00487092972405892,0.414099564153712,0.0015221404510679661,0.16286064294778005
BF.B,-0.0018334729504389169,-0.0005662964573120096,0.37419358863120694,-0.08045689420310517,-0.07503148072658863,0.009950589892280596,-0.0015133783007440383,0.11668526072619005
CHRW,0.002993348442233897,-0.00012513763477671686,0.3154252785014796,0.3481901197194336,-0.054103627423750175,0.06109220596218866,-0.00039672671566216866,0.02053009485101401
CDNS,-0.0018889512907379726,0.0005872799173452075,0.5217642589423601,1.630332374203973,-0.019187137212665878,0.522992394314909,0.0011255656309913803,0.08255617726811267
CZR,-0.009724914480263268,-0.001657438317528657,0.5104516411713771,0.0935827437713925,-0.19406244128309036,0.0007863613553826013,-0.0032470036019968344,0.1492930028142342
CPB,0.0016741064707975835,0.00023374582262944093,0.32532538062806254,-0.4329137711239091,0.018202943067682324,0.19629760439685315,0.0007184985757280262,0.034192454617939946
COF,0.008831528945121066,-0.00034623212498376555,0.33162231740321746,0.01072969546306165,-0.06131099408631563,3.232145141393882e-05,-0.0010440555620470624,0.1377434761864533
CAH,-0.001407134888148109,-0.000375948703504494,0.5502343244036586,-0.708088949753131,0.014544327312637328,0.2809565082598157,-0.0006832520016121231,0.1509068178008725
KMX,0.028767713051155913,-0.0010536497886917346,0.3461477762760781,0.5576281724212487,-0.05462885827270736,0.03205091249019308,-0.00304393054326997,1.8643061904544798e-05
CCL,0.0034196101903342943,-0.0015669874740049327,0.47089430918974223,-0.4348747922348081,-0.21598260499255373,0.031035938643119345,-0.003327684033177667,0.1613493527466012
CARR,0.005937153862815094,-0.000477002146461516,0.4829875301206989,0.9208319966718975,-0.05896082366873803,0.1357272411737386,-0.0009876075813847883,0.10819368257167347
CTLT,0.000421135710192332,0.0005489282468139562,0.43091494384410123,0.5835584915183588,-0.026471393614918882,0.05439441055532232,0.0012738668144508594,0.015255229285323411
CAT,0.0016146648615837952,-0.0006028315609137873,0.4156167901359792,-0.1031351124467842,-0.03328024151738555,0.013266420737706243,-0.0014504504515242423,0.1081711537964713
CBOE,0.013150282605644758,-0.0004872661173039564,0.2760177386420214,0.5845044481023621,-0.02498893454122826,0.26035322892983526,-0.0017653434873470637,0.15687250543835923
CBRE,-0.003784306506869988,-0.0004770852702166227,0.286144421471625,1.1832716468829039,-0.08457495506315918,0.3935281454666119,-0.0016672883845262453,0.13386381795613508
CDW,0.0008306421628224786,0.00026618635788140297,0.48371425374614513,0.708043106659059,-0.012909540823025034,0.2806888892769577,0.0005502967006242046,0.06500731649229566
CE,0.004532903780429073,0.000376343967537978,0.3619607879203962,0.4848015118507064,-0.07676458858037583,0.18036310046662396,0.0010397368447013797,0.016841292522286156
CNC,0.003168131042325576,0.0009607942138546237,0.30234999588709494,0.2737982028038736,0.0648140385256286,0.014091564802041105,0.0031777550088454717,0.012898859307364065
CNP,-0.015870978357678305,0.0003904132639036963,0.21890187574005313,0.23642825595418562,0.03008796849746633,0.01900230726638009,0.0017835080790596497,0.09909253749487604
CDAY,-0.00807319454715489,-0.0005517899078061107,0.5493992673942633,1.0643379754140962,-0.132349011154081,0.043382322453048856,-0.0010043513716776252,0.08376108631450392
CERN,-0.008994977849933767,0.0008269229894385615,0.4255465519571874,0.061958201109539805,0.031959907536592724,0.0007964925275747936,0.001943202184661938,0.12337825520996756
CF,0.0028342378633181304,0.004598206058016426,0.5241084591421811,0.9183518214772328,0.20469384073566183,0.014695261418211116,0.008773386458105261,0.018238299489419574
CRL,-0.003912142567328322,-0.001520396509322031,0.5996100509420385,0.21933403765464454,-0.050722673380374006,0.003556144991612158,-0.0025356421343060522,0.1297272339758978
SCHW,0.0023813731948637076,0.00018799530222211413,0.5227049183194461,1.28052684095559,-0.0910468250438148,0.32772622644705757,0.0003596585676418346,0.13947087394496863
CHTR,-0.0023436018665182676,-0.0008397993945124904,0.4465715593047316,-0.1732537284198191,-0.0457790759944052,0.0037208117577461545,-0.0018805483175417088,0.07775910461523523
CVX,0.009844966248614105,0.0012402484190238237,0.46016610846618095,0.18611989974048931,0.15831158494307962,0.0014095776187402307,0.00269521895725394,0.002287084539663473
CMG,-0.0006742383988959859,5.984502772520971e-05,0.49861709791716863,0.6463780943532317,0.08602934628080319,0.05733199357701226,0.00012002201283348549,0.15892089062831732
CB,-0.008038647866606775,0.0014417326873532297,0.38710613919291637,0.7497367757366679,0.048328931584522936,0.15797996035666992,0.003724386005241665,0.04989852640131382
CHD,-7.030690950202102e-05,0.00022147929789769817,0.5577844719289159,0.7282907259873916,-0.007744384023631562,0.18167717067082556,0.000397069673043755,0.13296725876578414
CI,-0.00023707719230630373,0.00019194823043314506,0.3904727984137894,-0.462279616996929,0.01865146146554672,0.0884907278684204,0.0004915790068165897,0.012830972913700542
CINF,0.010849979603128728,0.00042229118380020855,0.39865133896093097,-0.004049148776908384,0.011070952798237048,1.4209244183429337e-05,0.0010592995495785713,0.12068954161925789
CTAS,0.001409179923967004,6.652953828371357e-05,0.49620516647972546,0.8250023069900011,0.02373564978488936,0.37392193044615907,0.00013407667388008125,0.1593088798495424
CSCO,-0.002139631895529203,-0.00035021888616215203,0.45012956228246775,0.72130564993602,-0.0821590004976594,0.2440934701006576,-0.0007780401811120789,0.1148300746620937
C,-0.0023697008164416805,-0.0006207003109717433,0.36280289831157275,-0.08925256750563614,-0.14490164305369255,0.0019545426675811523,-0.0017108471675953646,0.016274380330691944
CFG,-0.3949549309239071,5.904767977630285e-05,0.3722014943466495,0.7276402945934851,-0.11515858130596211,0.1578304149873496,0.00015864439201124984,0.11085402033550594
CTXS,-0.0002469931650244757,-0.000802141798159806,0.44583615031437496,-1.129980967939503,-0.010843881938590316,0.6454037752670871,-0.001799185188536612,0.12330014443006235
CLX,0.006235929366166305,-0.000516928864885681,0.45622965036899366,-0.06906847691649352,-0.06576092584074122,0.001711536081559867,-0.0011330453083608103,0.0011535563847316146
CME,0.0005892100825497576,-0.0004738318687687131,0.5541198638917597,0.5308669840607319,-0.0660905918613487,0.13316689378774305,-0.0008551071702083399,0.16828894319085486
CMS,-0.001707011831328509,0.0006018756790758844,0.4675004144293423,0.055255413285774616,0.056259226641692583,0.0019584911003752243,0.0012874334663650901,0.06755838831974685
KO,-0.0007016700389648059,0.0005906002168626202,0.3538684656064266,0.0860046466203593,0.04170506868624592,0.004265328168585745,0.0016689823317556848,0.04632950169759015
CTSH,0.005017078171185021,0.00018266753048112178,0.3733402285870126,1.1849684398024218,-0.03310926990293278,0.38614384049489464,0.0004892789913705974,0.15787398157010435
CL,0.0005790361582615361,-0.00024672740455866253,0.4654714690218549,-0.08148411927867993,-0.04254350922151016,0.01339693519219398,-0.0005300591356912536,0.09196012613549931
CMCSA,-0.0006667004574692898,-0.0009036314791108681,0.4753649147141562,-0.34865571554748087,-0.05675034737031061,0.032397526335358764,-0.0019009216943455633,0.08855092930070503
CMA,0.011457634626614796,0.0009513131763684624,0.4255468293019583,1.4673495557327152,-0.04800171726795158,0.34121416145478234,0.0022355076124734377,0.14729789074340313
CAG,0.0007573614615947958,-0.00034837658781084965,0.3389182633234432,-0.36255464829324596,-0.048108379744003844,0.2191322416410668,-0.001027907390987602,0.07117963684784401
COP,0.0059165043123281975,0.0027867281559181894,0.4091765539807447,0.6375964213107501,0.22786721680319666,0.0111781368093665,0.006810576336319918,0.05048534557628185
ED,-0.0012838888441640064,0.0009209589790728536,0.329681261680617,0.2590036755689954,0.029713949548240068,0.014513997987270464,0.0027934829367555762,0.011016127082864882
STZ,0.00023792568923222972,0.00015808838944881155,0.5790500462197419,0.1450534931878903,-0.04794085190614181,0.01814324096642574,0.0002730133439775585,0.08193450634393924
CPRT,-0.00420759908577622,-0.000364240998379273,0.3960584816543961,0.6679221706005349,-0.020017011009256236,0.09895119696444116,-0.0009196646840077337,0.1227990874374475
GLW,0.012060740254300805,9.528462508860404e-05,0.2684761523820749,-0.23945495498524969,-0.047469160394521794,0.04723467739514306,0.00035490908314643227,0.0004273150989046099
CTVA,0.009068692991373115,0.0017925778921276398,0.3669798933190978,0.13150676155900803,0.09411001580114003,0.0021595628759562987,0.004884676040190983,0.02128411958226328
COST,0.052782665048532504,0.0007495291887333164,0.6438841652168108,1.829611698650919,0.03588926032376627,0.41842781744731883,0.001164074579285441,0.16494452126127113
CTRA,0.0035859113780915336,0.002521906202324058,0.38599675072911604,1.4972401841497256,-0.12647879402658257,0.18814637509554386,0.0065334907549361105,0.15576298894972979
CCI,0.0032429490829725153,-0.0006610656293791471,0.44681850187524064,-0.16943083637290016,-0.03277592065653902,0.026442484406195094,-0.001479494753696945,0.09169448871500567
CSX,0.011378138475632576,5.976944609369951e-05,0.20238189109720223,0.8400188482586223,-0.06564840659489088,0.46439759205914605,0.00029533001085058926,0.12164694714044728
CMI,0.006111939204348506,-0.0003331187052144204,0.31361066277022004,-0.17470419931116563,-0.08220123602811616,0.020416699585108264,-0.0010622046529664515,0.015476030779095063
CVS,-0.00415217863219754,0.00026789594467867663,0.35537189526803437,0.9319856225330675,-0.011923896764350711,0.196419233609317,0.0007538467398403011,0.12975385561601094
DHI,0.002130984785829384,-0.0012718281356795362,0.42282268567061176,0.9494450029255873,-0.13019173867409695,0.16273319575848547,-0.0030079467795403924,0.10890704336271555
DHR,-0.0009052025377169892,0.0003705687923550952,0.558673095608911,0.9129514906437848,0.05354449522645796,0.22183353201230455,0.0006633016611462263,0.11199561615737275
DRI,0.007780980255244128,0.00010616442511881955,0.20410436775455185,0.22081056593063497,-0.0061285061589646875,0.0258704427707331,0.0005201477375853556,0.12467606787555251
DVA,-0.0001994704177264784,-0.0010288981468568963,0.6384900896977177,-0.42198206566893925,-0.008580243327120485,0.0711652717946828,-0.0016114551556219308,0.16620787813058022
DE,-5.8738734370867305e-05,-0.0001279933403715021,0.40625273028565123,0.2530927788314892,0.057118734560554905,0.029744075078036232,-0.0003150584127311718,0.14147273632054197
DAL,0.008014500649701356,0.00029564439791489506,0.37547953620235774,-0.3967008136869998,-0.07026897162169077,0.11250771422679774,0.0007873781908464992,0.07367242988738507
XRAY,-0.0033394535365060003,-0.0017671517224522961,0.5807283153089269,-0.4531147561067785,-0.10351440453322255,0.0380537730609004,-0.0030429921804522894,0.12528928341917664
DVN,0.014759661464977154,0.006890554338806019,0.5001891088464634,1.6085930402212987,0.3548613809989519,0.026102388125204087,0.013775898389105317,0.08843325036128591
DXCM,0.0031992535897091556,-0.0009800309991569158,0.5054002878048487,1.8983474382246976,-0.07699449858935906,0.16847814890955726,-0.0019391184033819492,0.1675126293709781
FANG,-6.699249677419089e-05,0.002216538737318806,0.3495369960332077,0.9796030345283011,0.1596395607882647,0.03376593643384186,0.0063413566016577655,0.01848740655268569
DLR,-0.00726076775045032,-0.0008783193877095827,0.563985284922658,0.4671150822558604,-0.1306808815151606,0.1113839166127872,-0.0015573445109122498,0.12286191922192766
DFS,0.027998175791946567,0.0005146137370483087,0.31866778181668515,-0.048650043556388564,-0.012539736180633403,0.0015980069042354419,0.001614891013187967,0.08926366407012527
DISCA,0.01605180063072905,0.0004834727556780112,0.3265937915134777,-0.6747396006921192,-0.03230948378677871,0.2652313217836659,0.001480348886724197,0.020554327900490645
DISCK,0.007591666311496192,0.0009892843386369095,0.2878240796199546,-0.5396108892052374,-0.020964326623422028,0.17612465405875793,0.003437114573399033,0.04234323709551684
DISH,0.001871764985661164,-0.0026280692706276733,0.47377168961853666,-0.4627306111523882,-0.05797953498288008,0.017900057954410582,-0.005547121806167221,0.153139805760487
DG,-0.0007733946152272338,-0.0005299480400423704,0.6342367136870815,0.16158097441291983,0.03663953531732882,0.017954184576890974,-0.0008355682170487456,0.13466900957918287
DLTR,0.004098773721343343,0.001944370435991199,0.5253580678757034,1.4655424330832358,0.06316214555476238,0.08266081700383038,0.003701038500947178,0.12912675292276138
D,-0.004434282975529751,0.0001749384954649858,0.48687993928517287,0.012620417541142862,0.0012842595559043823,0.0001666616961757477,0.0003593052030893425,0.07670819452408356
DPZ,-0.004066680563704234,-0.0007142727013512969,0.5554634260966032,0.7853595571577983,-0.07987322838127142,0.0833028127064952,-0.001285904107801824,0.13639752400803024
DOV,0.001558065891744156,-8.986860039749713e-05,0.5654746221695842,1.044914408989663,-0.0747323073792041,0.3273864861400344,-0.00015892596568294057,0.1392426942004671
DOW,0.0008267267560404155,0.0005847255944810575,0.3212232070423098,-0.5234623658064278,-0.016934078368162006,0.20808356651517976,0.0018203093103545307,0.035373939249285884
DTE,-0.1448607457857632,0.00020605575497852812,0.4962751482680117,-0.054659593033663585,0.03059255687354453,0.0018693350491208265,0.00041520466156255806,0.11502993256996351
DUK,-0.0010243815883047278,-4.89018271545281e-06,0.47034541174913547,-0.04340735557732636,0.025406846823782504,0.0023910933988880076,-1.0397003124293363e-05,0.10741933946273224
DRE,0.005425882561093678,0.0001470938528780573,0.5106216453933214,1.2774121537973058,-0.06873568459742582,0.514154933269505,0.0002880681894414286,0.117840444700801
DD,-0.004318866140272089,2.9598934438359735e-05,0.30303492044219593,0.350624021870622,-0.1369386524481886,0.08278016210244177,9.767499532782641e-05,0.1205205617624267
DXC,-0.5937405279318426,-0.0002521414849074238,0.39531648255794993,-0.8670441669436608,-0.053491285031232225,0.2677965893348721,-0.0006378218365090863,0.04698638260297471
EMN,-0.006115925629425243,-0.00017844014506973355,0.2839663838886281,0.17004817218601462,-0.10607096082488217,0.028476167875324063,-0.0006283847497234671,0.08898038019121414
ETN,-0.0036782931583475126,0.00020934981029149634,0.3282464546556557,0.888686108362148,-0.047600510673185714,0.40963477343952515,0.0006377823958863869,0.05050813610431695
EBAY,0.0018336685066980122,-0.0005571020295226936,0.45337600632133607,0.3562168195920612,-0.07844176270781249,0.016051145277988066,-0.0012287858681428333,0.15718424053186747
ECL,0.0025455431600096144,-0.00047329913246945424,0.49672523951665315,0.6395945369241066,-0.13373229592761599,0.0776374705047106,-0.0009528389033140452,0.15428186522818646
EIX,-0.002255842339994373,0.000116992636671967,0.5204371652896459,0.6245008587310702,-0.013239297205473996,0.13521721867668357,0.0002247968524823847,0.14169188389846257
EW,-0.0012271004812118573,-0.0006993540542493943,0.5601297933834913,0.8473985654670534,-0.0020008573776423705,0.27077094094052134,-0.0012485571424881937,0.15438177236768796
EA,-0.0009126185802788786,-0.00019700823196722915,0.22034965551092703,-0.34445913661701655,-0.05198759319738385,0.1138887588797338,-0.0008940709778303221,0.019259036533204224
LLY,0.0010644326577950846,0.002127887686893737,0.27654417937912557,0.44802835597063534,0.08983505874363715,0.043610401440921896,0.007694566892245199,0.0003880303871233926
EMR,-0.002565586405625822,-0.0003426052908790965,0.46651019463557625,-0.018000912541632167,-0.022353538576304215,0.0003706055766115139,-0.0007344004371581406,0.14412899197939327
ENPH,0.004632671250567849,0.001561239168930222,0.4564686278198531,1.2983698745782006,0.03516114261335118,0.104218459266998,0.0034202551364523794,0.049850431539199054
ETR,0.0012217389613329462,7.182248207629965e-05,0.5410835747875067,0.07068007881784291,-0.003799204374394384,0.00353480989186999,0.0001327382412310439,0.13486333173676088
EOG,0.004240078856718496,0.001755318646926679,0.47630304135021495,0.15253476930727472,0.12917109898975593,0.0010149699628048841,0.003685298002613493,0.02452482160915169
EFX,-3.858262014549128e-05,-0.00044696690396899203,0.49522715033976583,1.0972023781393596,-0.0685267986440117,0.19717682758801544,-0.0009025492719095401,0.13446929879523792
EQIX,-0.002757565361208618,-0.0011757809651917403,0.4482158102305769,-0.012408924703176831,-0.06370449760753523,7.267887153922242e-05,-0.002623247414201833,0.13100820401483904
EQR,-0.002741556737580911,-0.00029292424368030636,0.4777497327949827,0.6544949889958153,-0.04398212828607964,0.3213843605293059,-0.0006131332444010163,0.14923781943501183
ESS,0.015899674545640764,-0.0004764611986967835,0.4367720816581759,0.6949297601003019,-0.054201642916653345,0.34812877083183535,-0.0010908691711428316,0.15884556605017489
EL,0.0043088933422298316,-0.00013631772405913226,0.3639563220820884,0.7969386322299438,-0.08946374835591202,0.12135266287560927,-0.0003745441850805013,0.1339746244576962
ETSY,-0.007066597662546661,-0.0010778303288641318,0.5161219825379987,2.112840904548275,-0.2431741066586054,0.10893548176286694,-0.0020883247862529828,0.15334606098909154
RE,0.001723994176461008,0.000974986225383853,0.4097513881846917,0.5069200884664892,0.005549702008902854,0.16993705908901527,0.0023794580164897133,0.09506779227062982
EVRG,0.0016874102553592605,0.00019974216936910868,0.4456988592038814,0.21755608408910665,-0.0012256104460528008,0.0666579953658691,0.0004481549935440562,0.11020271379779496
ES,-0.0018557117910761923,0.0004567394015424639,0.40469990742696044,0.19336731109367614,0.024979641429931903,0.05223611186593666,0.0011285878577199711,0.02914671267984036
EXC,2.5105394693800847e-05,-0.0006254266338527043,0.5104833103329864,1.0959165673827123,-0.10610782760342326,0.3887825646561157,-0.001225165683565131,0.06325238265594157
EXPE,0.005111972271613977,-0.0002239606289384118,0.5202814311142928,0.6556760342743819,-0.10198192914266954,0.07848458997901467,-0.0004304605460524561,0.15837001193871128
EXPD,-0.005877846119359465,-0.00033786706450410095,0.4277395828021336,0.1507216984163398,-0.08044305335648504,0.0077304619194536175,-0.0007898896386692218,0.1045561497078014
EXR,-0.00010151673567277428,1.2516860118428697e-05,0.5194984938888915,1.394488387401877,-0.0017525830505518147,0.4841039109146295,2.4094122053616115e-05,0.1522317339384843
XOM,0.0050650294265977055,0.0012248451773115602,0.47760087232904386,-0.26655680005929344,0.1680156877729434,0.004140956989518539,0.0025645790204246134,0.06781006119174411
FFIV,0.0016349664633275925,-0.0007015029767887691,0.44405209604817886,1.472171810716551,-0.13673281742079557,0.48755551779439305,-0.0015797762988436774,0.15050954401829536
FB,1.4698925912761448e-05,-0.001521185047125207,0.4368578443237241,0.18576177848709685,-0.14963589859522336,0.0022517673332356383,-0.003482105373385411,0.02082593073185635
FAST,0.00033849575382461576,0.00016460015099905548,0.5421250455606214,0.9506255969627544,-0.06832820331463407,0.5407467208181078,0.00030362026684976244,0.13895155141485904
FRT,0.0009663459661877706,-4.501981556905596e-05,0.4621840034755642,0.6515599392243373,-0.10356838879487967,0.4375180594197644,-9.740669350412982e-05,0.12618209012752116
FDX,-0.10361048301017485,-0.0008856549447735011,0.39599681911787193,-0.5671699459331568,-0.09268511249118809,0.08777269959253022,-0.002236520350709883,0.0031220894048051297
FIS,-0.0021685154047541262,-0.0010806584487124487,0.5082028880419505,-1.0240299076272938,-0.07383888267220359,0.2155846874278671,-0.0021264311442150715,0.046177651505834034
FITB,0.0012035628193104901,0.0003424602618657387,0.500199678685457,1.062356597095547,-0.08574305138748992,0.29884257879145,0.0006846471048636752,0.13366897220064236
FRC,-0.006425889543704899,-0.0003109170727289047,0.29596154483983256,0.763728850438607,-0.10556439219093608,0.10245036107177177,-0.0010505319969767212,0.12832515135958353
FE,0.005934046301149397,6.715949462336908e-05,0.4648679857394599,0.26821333165661115,0.004482121800668953,0.032179521370012544,0.0001444700359749215,0.1373506420616562
FISV,-0.0012494076801173976,-0.0003606283991143223,0.45963875097343176,-0.17204106694109014,-0.020802393142184013,0.023402488713893808,-0.0007845909387547864,0.05756911178714071
FLT,0.0013694265648423573,-0.0005688045657099296,0.5087740339167526,-0.5353161273098991,-0.01872459004264751,0.21244774552547585,-0.0011179905572834313,0.119149915052183
FMC,-0.0004184091929805774,-0.0004150032949736674,0.6329271494166987,-0.20513520676799954,-0.04423349191211056,0.008685588786578324,-0.0006556888819765933,0.12540302465253894
F,-0.0014423055941222068,-9.928464190578638e-05,0.6743148641845017,2.6395294771540216,-0.2549271190756079,0.43125612808589914,-0.00014723780711234737,0.15683434257501122
FTNT,0.03290274839910594,0.001848298997119123,0.36547005839683955,1.8283531928878272,0.07014701947514168,0.5262680195351721,0.005057319894348714,0.11832219407966243
FTV,0.03187274273277958,-0.0006084159824452203,0.2330626690649242,0.5502262401827481,-0.10570572388304053,0.09282458041343448,-0.0026105252500808443,1.6224363869629966e-05
FBHS,-0.00728932114313713,-0.0011629591270659189,0.30198038271780203,0.7129970790380952,-0.16291453344144802,0.08669201405156744,-0.0038511081964972996,0.053676921740920334
FOXA,-0.00019079976669165413,-0.00022917065198651957,0.6568046146351604,0.3987627838724378,-0.037791500096540226,0.08537956658747305,-0.0003489175424168092,0.1523212759975244
FOX,-0.00036111825788448634,-0.00039658296636604006,0.6610824805061472,0.3004605011103613,-0.05429099709095284,0.05719624820776603,-0.0005998993742239284,0.1509679792234524
BEN,0.0005392289829364459,-0.0006832555696056413,0.4224085449394869,0.6363029604564419,-0.18507618440000007,0.13162497772290385,-0.0016175230775777101,0.033712517405024185
FCX,-0.002562960926790346,-0.00046377377543211913,0.324642575622913,0.5707778824323657,-0.07491674069011696,0.05543490659592713,-0.0014285673237474966,0.1378965766727591
GPS,-0.006863483448044936,-0.0025992625728820493,0.4717897391108239,-1.3647181385531184,-0.19047694983804445,0.11351113046908559,-0.005509366477068464,0.11936075129012158
GRMN,-0.002073392845535107,-0.001087662661655959,0.6324745595871434,-0.08891755725481894,-0.03594009369085148,0.0008504347086427064,-0.0017196939310348642,0.13366845321820925
IT,-0.004819650774792244,0.00035715777065149583,0.40331530503094,1.6932054938841397,0.044450492347607506,0.5193785727278487,0.0008855547166108581,0.14134504057814057
GNRC,-0.004713893980637807,-0.000809801121719725,0.4070487739030758,-0.17910568471993252,0.02926363963720372,0.0017172422855692227,-0.0019894449354429214,0.09668045597287846
GD,0.0023461561455740856,0.00014917072906876923,0.5020069452274081,0.26032804014044514,0.06949934299004468,0.02116024473410121,0.00029714873566379687,0.14647062933350297
GE,-0.004471782671249252,-0.0010335764476408244,0.2553609127889285,0.05794950644391338,-0.11185320470184187,0.001111662766078364,-0.004047512347730128,0.12865768623056964
GIS,0.00016239053486036595,0.00046014592785989896,0.39385220526164033,0.3202875464173548,-0.014588247837501771,0.05313442679890036,0.0011683213187906843,0.02545374916686429
GM,-0.00012222616983295458,-0.0009940721179296473,0.5501421068270589,0.547638273746415,-0.2307634272739703,0.043494248239268854,-0.0018069369815427363,0.12221705006199163
GPC,0.0031089684716201164,0.00033892328187446136,0.491981024277533,0.309176169048968,-0.026661602697046018,0.1347293894418509,0.0006888950287710086,0.008253237038022429
GILD,0.0021362111032157145,-0.00017771029520858306,0.48284213137455473,0.20125575511864488,-0.04902917520536243,0.026528860110614446,-0.00036805051519153367,0.0182539008038117
GPN,-0.003606270284670499,-0.0016493115989018082,0.5715145735933265,-1.3670915141850914,-0.04293855600277935,0.3651157386118416,-0.0028858609650703527,0.12294812374952918
GL,0.0033489996916228346,0.0002881953262843275,0.40944886952320175,0.004304230736575291,-0.06407150394455685,2.3393926594310863e-05,0.0007038615752436378,0.13858384458096823
GS,-0.00850200543657121,-0.0001558731041450584,0.2598355712220742,0.48075415481190686,-0.08007941156390297,0.07191503078193874,-0.0005998913213150406,0.08226157775485193
HAL,-0.0006521390939403602,0.0014787263626251388,0.5973971953073995,-0.2079416312468444,0.2077159608884985,0.0012080107374935402,0.002475281729209054,0.044671836760761405
HBI,-0.005742802293908078,-0.002164094788983278,0.41363927594327193,-0.024165068383811376,-0.1356777585420869,0.00011588743963206236,-0.005231840675787447,0.14605813267898793
HAS,-0.0014752768681868208,-0.00022638883226854716,0.3203718483685259,0.26915279007146853,-0.051940263075658674,0.06254480544463369,-0.0007066439620753773,0.005812883052687942
HCA,0.0006812150306665225,-0.0007966544928899377,0.4607676369362365,0.8472643378597148,0.04292913870668663,0.2442974841862734,-0.0017289723258063433,0.10441088079332538
PEAK,-0.0016582547475259644,-0.0009836629935055315,0.6524646834944547,0.25419025179431465,-0.07230649530235722,0.04926075725774124,-0.0015076110912812211,0.16077290275676195
HSIC,0.024623705727485873,0.0005176910301270357,0.37229167280038566,-0.09973576377527012,0.04155890496763072,0.006421832114373572,0.0013905522684215658,0.08514074915003678
HES,0.005250996711902852,0.0013132801843783923,0.5634006202612726,-0.6242870667093396,0.09172746159356755,0.03197804293310239,0.0023309881763519695,0.012767318858355272
HPE,-0.034782702391851564,0.0006221218373822193,0.3527572395444905,0.4373838834436923,-0.07830191547341006,0.11961553752911254,0.001763597646317776,0.016504151221176846
HLT,-0.0005990181452262687,0.00023108813246521735,0.4136887977096011,0.8519314363195581,-0.029797378071429584,0.25949443842650644,0.0005586037952795504,0.13375375400232883
HOLX,0.0039055286339484637,0.0010881575837274101,0.5278818364486302,0.3566212033407616,0.11061625532804753,0.09666267979707797,0.0020613658371882665,0.01717417445217121
HD,-0.0020903784810229423,-0.00033126775486707564,0.4676980569438546,1.4787537172710108,-0.0997499319943997,0.43870370535297626,-0.0007082940584182139,0.10486108586247278
HON,-0.00509169525991561,-0.00027574912464412677,0.3811867747860197,-0.09116324781208843,-0.05119671752979742,0.004705253841326292,-0.0007233963581210795,0.0006273816690148146
HRL,0.026386349876784256,1.515234560584309e-05,0.33298408383209355,-0.15856719402033131,-0.017634636001805246,0.012402611149321301,4.55047143138638e-05,0.09945236784617721
HST,-0.0009557641131472955,0.000740053873605395,0.33320181537788923,-0.1302494142843461,0.01337750737972722,0.006432242188831105,0.0022210379399226522,0.020386738468229745
HWM,-0.004241283536301909,0.0003119328493647912,0.3104893569069303,-0.3605687587758657,-0.00887147616933684,0.10499211130307642,0.0010046490883688923,0.07188435688248104
HPQ,-0.005909795733931161,0.0008902845057511639,0.26619156435358954,0.9391271716594337,0.013270450669319422,0.11365926159103402,0.003344525616028067,0.05317306350742805
HUM,-0.0014017384622644741,9.848325616501548e-05,0.5302076290964055,-0.1774465113141432,0.06428495679477718,0.024993947139991965,0.00018574469841720943,0.07905755023238009
HBAN,-0.00424727629768617,0.0005259652145777071,0.3515004026767397,0.8233587249574279,-0.06978241179152475,0.32741993155197574,0.0014963431352350838,0.0587177844250551
HII,-0.004360249890660583,-0.0011441739431437823,0.4252882859246074,-0.48472266343572196,-0.022543600955019588,0.2471679452945643,-0.002690349066766007,0.11688070693119149
IBM,0.0025580811244033386,-0.00014446869617548496,0.530584931490218,-0.622377781415098,-0.025772883054293386,0.357052417914046,-0.0002722819431937607,0.0026437694897813667
IEX,-0.0012766036117612023,-0.0006915801075495487,0.42719126749250935,0.4284954392701989,-0.09593965956945696,0.08285190373405443,-0.001618900385321372,0.0936231819850835
IDXX,0.04631367894831219,-0.0015288659655978373,0.42018123276522246,0.15520802663263245,-0.052301293961297846,0.00230607470361607,-0.0036385869867065095,0.15109309087868134
INFO,-0.003133001404749308,0.000434233556427183,0.3339302876644803,0.7769735417988018,-0.009501297166632339,0.47374424106164187,0.001300371881401436,0.07574853014084577
ITW,-0.002360774981148597,4.5440499339162804e-05,0.29022880396592343,0.4996804181931144,-0.1088164573747083,0.19220301584845187,0.00015656784825705342,0.025431033461725244
ILMN,-0.0030470052129841947,-0.0024496261580018944,0.6100913365081684,-0.5397886629879253,-0.08005844595740629,0.02702130800286021,-0.004015179386126387,0.14528628148294342
INCY,0.03630403123705725,-0.0006220306902258825,0.5391721425723438,-0.7369656887711507,-0.01050984577641123,0.31662534932040953,-0.0011536773529474793,0.0803045812374761
IR,0.007291390777886099,0.00017733662505058036,0.4240853325538953,1.3642377279849764,-0.08867469890716857,0.4496943020531344,0.00041816259945289046,0.06934394860196036
INTC,-0.004789969467771801,-0.0007919331804198625,0.35117496391300707,-0.19549413991606276,-0.10485318867667003,0.019785241744264253,-0.002255095783582226,0.1429327347435365
ICE,-0.0016495049698916375,-0.0006998264449372575,0.27467931542913077,1.0668091463124882,-0.0632641687535365,0.33242441971116704,-0.002547794484793733,0.15714109123051492
IFF,-0.031831961649708584,0.000272311245198642,0.09864311573941187,0.09933664177031146,-0.07035067670575278,0.0054940023397270065,0.0027605701944575013,0.049408606567787436
IP,0.0008811808219177395,-0.0005034575602997443,0.545088142675112,-0.9846205118356455,-0.04670097881052801,0.2802227412693494,-0.0009236259622690405,0.0022091638384804293
IPG,0.00854797873931596,-0.00011039126633914762,0.36183586019027825,0.6383652293682232,-0.037234964774848646,0.2594665022402693,-0.00030508658340579144,0.13509960093088447
INTU,-0.002078713465083981,-0.0008704791413297365,0.6322532782557602,1.7561432184451817,-0.13180228399739063,0.29746191265957944,-0.0013767886561714415,0.15361235782015756
ISRG,0.016855636089535223,-0.000601417190095802,0.41419625837341634,0.9220833197392088,-0.06711310309220808,0.10376596547821744,-0.001452010195499153,0.13506606381868305
IVZ,0.007587390217435085,-0.0006458920292620352,0.40952669673169834,-0.17129223193794044,-0.17061054227890174,0.009570319415733488,-0.0015771670917102427,0.12192278785195124
IPGP,0.05426953238671817,-0.0015602193289188985,0.23788710219255316,-0.6518027698882081,-0.1744624033191784,0.03767953270088091,-0.006558654565710792,0.0008770944221845722
IQV,-0.003354411972209839,-0.00039308548473774874,0.423194655336099,0.5214640445361879,-0.07342163394539174,0.12075714925245035,-0.0009288526681074511,0.1434618034890633
IRM,-0.27261031323754814,0.00025966063971819865,0.36104274819930204,0.33346358950152394,-0.002119082583471342,0.03699809688539993,0.0007191963860602494,0.12731362548353736
JBHT,-0.00564583257340962,-2.3208528953627412e-05,0.28823526133461563,1.269287947752167,-0.05890798359872665,0.497258654937184,-8.051939532368444e-05,0.019968203628126787
JKHY,0.0006132495973664008,0.0003056230222945452,0.6111023056633229,-0.28916339675634556,0.09919773278711075,0.03963612559344374,0.0005001176062702067,0.14915948402456067
J,0.005137526463230738,-4.9748951233986015e-05,0.4068651827919745,0.28185120641683203,-0.06201883461373431,0.10352312823165606,-0.00012227379814758464,0.10224373003062084
SJM,-0.0047910765200485945,-3.6026640752766584e-05,0.41983203545349246,0.139045467833021,-0.054036068367461124,0.020056779208694964,-8.581203364781698e-05,0.041768764154612434
JNJ,1.027121724816928e-06,0.0002709836700833929,0.4905530969602291,-0.07125069341808814,0.0378409308504349,0.008196938546955858,0.0005524043610418028,0.05903380954941525
JCI,0.00013723254959708696,-0.0007314488891997427,0.623234976617729,1.0863851355815635,-0.10065635907696871,0.22980123278436174,-0.0011736326051039149,0.14697375345088146
JPM,0.008768172246649051,0.0002501951390073789,0.3417215416318959,0.48018240763060305,-0.11060600467328863,0.06736639355673746,0.0007321608635281481,0.0875661566455788
JNPR,0.0032971365164840578,0.0010092666975933743,0.4650329407701299,1.1067910066821565,-0.051721685121174144,0.29270922445763536,0.002170312270614533,0.15314921647128085
KSU,0.0008611296589203135,0.00028360930974672625,0.4529638716864107,0.4847115508520598,-0.07831828899174159,0.3999320266272552,0.0006261190515941865,0.07005918764908604
K,0.005436402096347986,0.000584713673975655,0.22588704398027581,-0.13762483231750383,0.0077357186932901,0.02805383222082512,0.002588522403377466,0.03565610412549475
KEY,-0.01048279160845064,-7.07681084468623e-05,0.46830785181986667,1.1010643674899463,-0.12223395003856327,0.2908297418647331,-0.00015111450335896366,0.13760169174554965
KEYS,-9.128594779103812e-05,-2.885491739299602e-05,0.5746912222947724,1.5609312452653954,-0.08646695453500744,0.3990624021531698,-5.020942773021103e-05,0.09925292826664715
KMB,-0.0024110844468099384,0.0003789833910576647,0.5117543229093264,0.13804168527541902,0.013876480404707188,0.027668788553781982,0.0007405572832353263,0.014612618466292247
KIM,0.00045009011253415734,0.0003134237550624088,0.3563898342514994,0.7178867873926811,-0.03901370516852751,0.31166207353279934,0.0008794407834911194,0.12319673925409413
KMI,-0.0019707426595052635,-3.163163127702626e-05,0.5399080370069714,-0.5489228300975783,0.005126883547276709,0.19982672071159396,-5.85870724436314e-05,0.004298734834876824
KLAC,0.01711419487064339,0.0007253762512792712,0.2998607549481726,1.5884852899192723,-0.11470362465094756,0.5167930459252934,0.0024190436371196488,0.003059542694119076
KHC,0.00025361435705998215,-0.0001978754223256001,0.45255212307644105,-0.5393765943928713,-0.04114038583059566,0.22902329342117475,-0.0004372433853153679,0.026156809368759536
KR,0.0014058854597565071,0.000535997752131998,0.48567602676163035,0.5961112803659006,0.12221675774363251,0.03402263045422108,0.001103611713565318,0.14797349659561723
LHX,0.0018531837677369485,-0.0003842786581063311,0.3112474549590472,-0.1258433212119986,0.05286631385950525,0.010605017908840064,-0.0012346403223020509,0.11694819637411004
LH,-0.0054428486113341805,-0.0004077428567673465,0.3715198391308626,0.46707326855500286,0.006904581616284738,0.11549063351751437,-0.0010974995513596917,0.09828514510042238
LRCX,-0.028835176178478028,-0.00038485276660747274,0.31769222450644513,0.5090975048004559,-0.16960703095137825,0.06023808040155716,-0.0012114012774639535,0.008182786012677938
LW,0.0013200259726271102,-5.453073767021886e-06,0.4656591153365771,-1.160723622779194,-0.07708922810711052,0.47595586066219636,-1.1710441366707532e-05,0.12136493012794033
LVS,-0.005436756952142757,-0.0009583593959431688,0.2655300574470813,-0.9082480635599517,-0.13125172117262285,0.22466937432699316,-0.003609231305703177,0.09162919612456981
LEG,-0.02150246669187876,-0.0013010438309121527,0.3536692317104142,-0.6764000681754407,-0.09358960034211192,0.12437813363787341,-0.0036787023417899486,0.02177531037510962
LDOS,0.008936505184986801,-0.000556129219907989,0.3353620180571173,-0.6550844266300988,0.010691767184440565,0.2823390552217384,-0.0016582951853935698,0.13737058060255222
LEN,-0.0023970811435398854,-0.0010752809026785765,0.40691885292533164,0.9343542782721899,-0.08536008463979997,0.13933474769685517,-0.0026424946766373768,0.05512505107616396
LNC,-0.0033175924516400295,-0.00012430385977376366,0.4987844624070206,0.8338749864212573,-0.11348712884677442,0.258392078465066,-0.0002492135764893346,0.14661761366864587
LIN,0.0005403829431289799,0.0007037437164015537,0.44657681764071755,0.7203891788892924,-0.024152006901760045,0.43368849546416594,0.0015758626256496223,0.012864039197213404
LYV,0.017651904521030416,0.0009763581191035307,0.5049181958417315,1.867594011657933,-0.08474299153019971,0.3800453362139658,0.0019336956503931855,0.15269268537241917
LKQ,0.012841339605148324,0.000564951906810493,0.3029439389160706,0.8925146784640163,-0.05268593187444978,0.2923430300147505,0.001864872784158955,0.03163931249504744
LMT,0.0021329042055336805,9.702627332806369e-05,0.44761903719557755,-0.5375048539771381,0.06335795185051726,0.06621144876796671,0.00021676082844007848,0.10730929540401415
L,0.001182821562045641,0.0009634794662168916,0.47148975007714433,0.203452259093591,0.021983241404729726,0.021229422425627902,0.002043479134083506,0.057824247810230975
LOW,-0.003906942427597442,-5.354555784327781e-05,0.5408505523937311,1.6945511017020443,-0.08992988955952372,0.5684784247701339,-9.900250190425515e-05,0.12556388197869522
LUMN,0.0018816955464561007,-0.000564450586697528,0.4087148108824116,-0.10179023753233649,-0.16721199305343795,0.005110673670450406,-0.0013810377595049326,0.0035485329235825226
LYB,0.002927139660122197,0.00037823848589598857,0.38997068628883846,-0.5020568225986259,-0.01735396025093,0.18841501541879746,0.0009699151736134335,0.0016699780464924912
MTB,0.005340782554031499,0.0010634248535779133,0.3859565415298723,0.44699398935448126,-0.023164078892572756,0.04932006822062961,0.002755296877111244,0.00025585319879421986
MRO,0.00416549575202377,0.004401873086340344,0.4763349999271416,0.34248328658412125,0.32764918366117685,0.0016263081161887523,0.009241128800137798,0.01866656213250938
MPC,0.0042451108508837114,0.002460584435158501,0.6626490144894971,-0.15109673192259013,0.14957941123844393,0.001206702038900415,0.0037132545002788965,0.12438835969905851
MKTX,-0.008521675189135646,-0.001239489291528302,0.3282880057307008,-0.5246275296857316,-0.08716589440746846,0.03253998665147205,-0.00377561552627991,9.580953544147782e-05
MAR,8.884395243111522e-05,0.0005526795659759402,0.4842794252570721,0.5099868513859924,0.02156248679684257,0.0707231499695226,0.001141241062806992,0.11490026006323614
MMC,0.012506362062232868,0.0003982916235718151,0.4602055336909517,0.9528046460953569,0.004753942929081462,0.49995207473825076,0.0008654646552757132,0.1432796879292349
MLM,-0.0803720213906338,0.00020297026864889915,0.2598748087130113,1.2600872783864483,-0.08429148052439983,0.5598421075018088,0.0007810309496871866,0.12843265269095827
MAS,0.00811081402342024,-0.0001667622762193054,0.3777387101716317,0.9369372480759314,-0.11357944234519612,0.28595958820492245,-0.0004414752095265382,0.11056942573392844
MA,0.0021968892774967413,0.0002108738631462295,0.4291314477847232,-0.31917615678386796,0.014081980368654028,0.12109838151015379,0.0004913969000286734,0.07052605701816976
MTCH,-0.014424253019277664,-0.0017612541825130622,0.30889411730099003,-0.4852571574845716,-0.05313601032086489,0.01469965604976036,-0.005701805518027641,0.1147387391143311
MKC,0.003642230956832314,8.77126802575855e-05,0.4872859280698674,0.1172175097604963,0.0036364431933248974,0.005606910305952898,0.00018000248971895036,0.10569319518640337
MCD,0.0007964488549323828,0.0005454046755000424,0.34043222210230517,0.4876912570760782,-0.026653405357503178,0.3320970296439547,0.0016020947492336368,0.10565463996666742
MCK,0.012727589483330108,0.003019065643468062,0.46148926641285987,0.5195509271185663,0.20429252662905956,0.011219286613118246,0.006542006202950623,0.0043057857385143524
MDT,-0.002192883914082919,-0.0008118207145631452,0.46741187351306945,-0.47839316124499925,-0.00921272417846232,0.0711549376515567,-0.0017368423024034403,0.09873176020929918
MRK,0.00327975791987636,0.0014751240425448777,0.5315139868962168,0.006188063621273032,0.06101137458055957,1.9905771461451358e-05,0.0027753249752821836,0.14254871691922893
MET,0.0015655673355029053,0.0006814333622240192,0.635992376829753,0.2718418485934428,-0.024626239556181033,0.0507074232177106,0.0010714489466379722,0.14977072904381084
MTD,0.007340779395863644,-0.00021942593366914824,0.458698524658324,0.7047686515351559,-0.027646722479539657,0.19463835498624665,-0.0004783663383975227,0.08792328025933446
MGM,-0.11304399061478398,-0.0003798038138064881,0.517066869953294,0.5783433978998044,-0.08609032626490556,0.12002837516201002,-0.0007345351943372339,0.14091223147135856
MCHP,-0.007876819901151817,-0.00020067380694065653,0.36764262498325057,0.8440229176379141,-0.14748058717769622,0.28814340217399664,-0.0005458393377258664,0.00021942744087639882
MU,-0.0006410498958297607,0.0006420594603327154,0.4414202063139176,0.5219412528685377,-0.10349681748124877,0.07352541815311171,0.0014545311953302663,0.013411618579664563
MSFT,-0.08640314364680655,0.000619542618163387,0.45815734043270323,1.292873420294877,-0.02861231041166995,0.5674726433135233,0.0013522485912334497,0.12073835449076979
MAA,0.03834666760170437,0.00013713750104450673,0.3289138286538495,1.2315276741888275,-0.013660701182308221,0.5234773969204116,0.0004169405148022247,0.153357058176142
MRNA,-0.0059543114128519465,-0.0032813654812232362,0.49429757618208153,0.3474998605544441,0.15212694253438375,0.0013809030356129281,-0.006638441374866258,0.09791263719204368
MHK,0.0034606973403759986,-0.0008185536462812009,0.2931133308637195,-0.2092646054286672,-0.0825151871778715,0.006510386988478477,-0.002792618281362919,0.04923934986050928
TAP,-0.0023251338559358743,-0.0003248068283515966,0.29355506550004745,-0.5760048557348814,-0.08919484204409622,0.2450387596626872,-0.001106459627253627,0.025974942544773817
MDLZ,-0.007232473482771999,0.0002146529883493897,0.29435972013968303,0.05873321153949109,-0.01792704483411669,0.006221582683356615,0.000729219976997974,0.011456174595521364
MPWR,-0.03247414947535413,0.002232392299342049,0.47866101958375673,1.8394538131401377,0.04803039120416,0.36717105817611323,0.004663827234737719,9.54307941091191e-05
MNST,0.004321965597358684,0.0004278695338384546,0.41669138283933255,-0.09672668013099593,-0.03746753117214453,0.006687188557781534,0.0010268259711130915,0.06294376405472567
MCO,0.002593535643079227,-0.0006917192325496243,0.4395764038928204,0.5107029596739058,-0.04856295688390725,0.07286986436930516,-0.001573604102549332,0.14921339800440192
MS,-0.014218715350672942,4.924453096032648e-05,0.35085494994926847,0.6549787042494017,-0.04069869532858101,0.15473579799020779,0.00014035581076295758,0.08006443595263861
MSI,0.0009507809550459347,0.00035185605155733815,0.5271054247986896,1.054347795952618,-0.034723595601975646,0.4964887067628963,0.0006675250054421616,0.11837430298866426
MSCI,-0.00013277750687503993,-0.0006053651230014308,0.45782451318497724,0.9784401525423378,-0.0005271582986620393,0.10000503176764579,-0.0013222645480252867,0.12361877373403
NDAQ,0.0007562028513172032,-0.0003935445260154324,0.4701168040816676,0.9622113513943563,-0.07940490588935276,0.24084943743819645,-0.0008371207380773965,0.15902169534867394
NTAP,-0.0010311708413502634,-0.00022572978424166486,0.36597577055616565,0.75612806798214,-0.08596231395392069,0.20696760782473617,-0.000616788876210652,0.1422466593123537
NFLX,-0.005783280140278417,-0.0011500672528378928,0.4170141366782234,1.6987199905695756,-0.27533476913896215,0.08009205249269698,-0.0027578615487688085,0.10274828643728169
NWL,-0.003460737453760164,-0.0008388272590938645,0.25537676937046294,-0.6471836949909686,-0.05202643221682708,0.2304721686552813,-0.0032846654813657606,0.06341462977684534
NEM,-0.003868572594365588,-0.0005580213316401488,0.4833053848805374,-0.39715530611732286,-0.037876438618834274,0.032590363621585246,-0.001154593656716818,0.1460547824914614
NWSA,0.0007305427343733343,-0.001190044345907379,0.4955631642244863,-0.2660203756391194,-0.11662110956514975,0.02769672677454317,-0.002401397908114692,0.14783396442631117
NWS,0.0008537287819123853,-0.0008731902184422525,0.4960744131570899,-0.0014258112684690351,-0.11678674514948992,9.803130372275367e-07,-0.0017602000733824238,0.14667417691689982
NEE,-0.0024032859819286658,-0.00017152540243490404,0.5717861172527162,1.0174760287807734,-0.03386874054347788,0.4335146887040455,-0.00029998175411994797,0.10543042378492908
NLSN,0.0022800920080860475,0.0005861471441604376,0.5724840654121632,-0.8322363473194374,-0.027526064428324434,0.13784756213211727,0.0010238663040139599,0.14667671545621602
NKE,-0.00038206191043618255,-0.00033399202524390915,0.4129302356403094,0.8769976320530719,0.013029115902302005,0.09384030889000093,-0.0008088340267115706,0.14330550734410266
NI,0.001595419213938242,0.000830157895164174,0.3097089895197362,0.08401787062257264,0.035071603023821986,0.0018917863022712947,0.0026804449443056035,0.035282845643168144
NSC,-0.007313042261318089,-0.0007541075561597613,0.4019016116007086,0.5844725979295501,-0.0973694482012449,0.272873569269425,-0.0018763486743839466,0.13203315233959473
NTRS,-0.0013135325003870968,0.0006433982675197044,0.4036917435873646,0.5262106959546256,-0.07962007256517675,0.23143341158159847,0.001593786045268632,0.11180901591156256
NOC,0.002676072345615293,0.0006033712515887102,0.37488223998007825,-0.11613201060239771,0.08022398039221881,0.0029321614581157844,0.0016094954288065877,0.001086505207519865
NLOK,-0.00022428874300532708,-0.0002015029392158056,0.5978490740738547,-0.19507631628558916,-0.05561939011969885,0.04055573896136648,-0.00033704650212590804,0.14610881298957248
NCLH,-0.0036312136977241206,-0.0018674602605045034,0.4571744445100578,-0.5779095799952634,-0.19152924932724152,0.051515824886338525,-0.004084787071827282,0.1517072474706078
NRG,0.0027025378185762576,0.0011503927413055138,0.5280565152135838,-0.3484977057945995,0.1369983959572375,0.05454954120599139,0.002178540948103278,0.10149958133880024
NUE,0.002885252488106279,0.0003810365350394736,0.46376542320328806,0.6619993718859919,0.05574208280884203,0.03417303873788215,0.000821614799153427,0.15558628227785248
NVDA,-0.10158876830178981,0.0021349404684049833,0.4278925440484163,3.384052852439053,-0.16545152694707832,0.5358433301319443,0.004989431337610345,0.14763063167822058
NVR,-0.005344604604358278,-0.000859045853692517,0.37248522942579404,0.8441990121435593,-0.047710072972632106,0.2233335922177279,-0.002306254814497698,0.05505785666095664
NXPI,0.0022373031999873495,-0.00028531453269921596,0.3108229564865113,0.6807742575000754,-0.10778367215581548,0.1653394239795421,-0.0009179326260980265,0.053199532397340134
ORLY,0.004631257823440844,0.00014754758625369472,0.449711717839924,0.9067667611930201,0.07585494164057378,0.3125231352162701,0.0003280937107051648,0.12627624174465532
OXY,0.005902739192959851,0.0034987405462300553,0.46095545175333674,-0.8737569884349544,0.5063526139132986,0.007957216177364574,0.007590192355729587,0.06953356696180671
ODFL,-0.0020988109173072198,-0.0004498739632032058,0.4026327502287819,2.1036656366382314,-0.09252016830642046,0.6178810780966323,-0.0011173307758685321,0.037449653077904155
OMC,0.0007850620429683082,0.00047473455293199813,0.4581513592597506,-0.377511565429529,-0.03196809874581846,0.1090678115006581,0.001036195884475911,0.0788881677830232
OKE,0.006834170558163887,0.0006497870409160736,0.41009673851408335,0.5078741033254327,0.0330644262810746,0.0626311840855919,0.001584472588761539,0.11091197637280649
ORCL,-0.0011323432927891092,-0.00017341883676663732,0.5887047841345661,0.7733923048364711,-0.07829303479477209,0.16516454108406772,-0.00029457691094115053,0.16353712010327637
OGN,-0.0038719022295365603,0.001431017217133966,0.492754003450191,0.0420406804739148,0.09202050256417357,0.0005763165621814052,0.002904120934815738,0.07552405686624608
OTIS,0.0029980910017832303,-0.00015081732728334022,0.3551831849676344,0.21211223414502128,-0.013983564481862392,0.026158117168174257,-0.0004246184325901668,0.01783516024576189
PCAR,0.0007947353295818786,-0.00013624327654178874,0.18942232297398484,0.11833857064721769,-0.06321458637878115,0.017337906102609737,-0.0007192567085163469,0.04365635494116202
PKG,0.000264692820757797,0.00043200776640295346,0.5056837041149834,-0.25083056164158185,0.07123233612926272,0.0328852008075862,0.0008543043069956682,0.09011891017540431
PH,-0.0007623691069754622,-8.4913354304996e-05,0.33957200125782827,0.46891161802389714,-0.06382205660733387,0.1669050606756783,-0.0002500599401318823,0.07787345954962567
PAYX,0.026108958570760055,0.0012340675632935485,0.47853120650327763,0.885849236224606,0.03329691750812032,0.3049183340337295,0.002578865383328132,0.16050423102056008
PAYC,0.0030374148365239885,-1.924720505760134e-05,0.5822672413006356,1.1250132085670732,0.00019500805686079037,0.06016533443745437,-3.305562067103075e-05,0.11761685003583959
PYPL,-0.0015891240076128612,-0.002448014171430106,0.5483463108519094,-1.2625773961902373,-0.1322937675632761,0.050481139833066076,-0.004464357875640446,0.12786027035688596
PENN,-0.005441554344735494,-0.0021050678399312447,0.5172582852185856,-1.0804967416295312,-0.16017125777704144,0.07428008119149239,-0.004069664807866102,0.1267267333191285
PNR,-0.0007324431430675497,-0.0011570155179895947,0.5130217730832234,0.6843585457572946,-0.10625201724840386,0.05649499225453607,-0.002255295152554668,0.12797504804048274
PBCT,0.0005573655560572128,0.0016111729081695707,0.46228585654619203,0.5543078184916872,-0.07077115987629917,0.09436902139168628,0.003485230805473671,0.06775938384733708
PEP,0.0035240128393360555,0.0006879395210236735,0.42991365528664055,0.568602396854811,0.01914599519395674,0.27869896397400096,0.001600180670151072,0.055847135322355856
PKI,-0.01781305303101015,-0.00018947885236626045,0.3575604453406966,1.1630011843681003,0.011751083657065925,0.35345149567529005,-0.0005299211779024331,0.09991943734235947
PFE,0.01412811018269916,0.0017856215600534078,0.5366479877033141,1.7232750755965929,-0.004603751975726739,0.41956733856871486,0.0033273609534907804,0.0008355612180449665
PM,0.011160231261916525,0.00028701320981300424,0.4996314819076688,-0.41329405447379663,0.04009575529052191,0.1796033827873287,0.0005744498099221935,0.015553806261399353
PSX,-0.013892463608476801,0.0007234361451481524,0.5554233684382235,-0.6095343608869747,-0.034009480002378675,0.09152269471069845,0.0013024949727670956,0.12193190689149479
PNW,0.005838745989823484,-0.00046201930897081094,0.46788929749183283,-0.9367715229026107,-0.035512776836709975,0.5075061623992254,-0.0009874543218823587,0.03878350149766261
PXD,0.009113344269473444,0.00284832849838911,0.5054987810538788,0.4195613021307602,0.17298165104986088,0.006958737664532469,0.0056346891528617155,0.0611892111339546
PNC,-0.004752707771564314,-0.0001510802833259886,0.45774879013759007,0.7303133472636085,-0.07080535894846288,0.2229862562194714,-0.0003300506447664818,0.1506042314773031
POOL,-0.0020022888538705334,-0.000786569467591096,0.4974679511147416,1.2716847224199788,-0.07735571164740666,0.33871493070514663,-0.0015811460131824105,0.09033092308349927
PPG,-0.000651854064318474,-0.0006235847511667343,0.4409791663120336,0.12665789191124108,-0.15612014400322194,0.0045622410259849935,-0.0014140911834494476,0.08528764104775444
PPL,-0.0027244180035598128,8.36351167128122e-06,0.5449249662043683,0.11326636226871462,-0.032703226280930926,0.028301918636518833,1.5348006037485486e-05,0.004475670475574281
PFG,-0.00018149503800472572,0.001323327635382887,0.41096246024117955,0.756215943976308,-0.027389833913347678,0.33123593078612373,0.003220069382021589,0.06685686842918179
PG,0.0006148847836200616,0.0004156686998269928,0.5164237581313008,0.6679691038436351,0.01428916713145914,0.28879209261177463,0.0008048984836234219,0.12114047758277063
PGR,-0.0004943413903854819,0.0010333378008784103,0.39023277543742974,0.01798971968656945,0.09317080736658895,0.00010138023438502893,0.002648003617123382,0.0024550620438096482
PLD,-0.001271296653931153,-0.0009328426639054301,0.5623067790669877,1.5208522873755026,-0.07248599450386711,0.4198396104966258,-0.0016589568161587119,0.15416870065594696
PRU,0.004570813528957276,0.00029174875401577266,0.5363112101606953,0.49467119832591533,-0.030536614312334842,0.19745336331142538,0.0005439915267263495,0.15944537814672333
PTC,-1.1121228214784097e-06,-0.0005116586350242742,0.3528145404571957,-0.7325033992808562,-0.027872845934614573,0.18810909787444252,-0.0014502198077245908,0.06635432465555219
PEG,0.0007394231211327514,5.547345260725311e-05,0.39874662694013485,0.2500079691739529,0.015816819216109806,0.055640486955747394,0.00013911955326855098,0.13077038334043264
PSA,-0.0028782441447831606,-0.0003838877192060457,0.4700179498279822,0.8211515214591094,0.03931152860396958,0.1662939056073445,-0.0008167511886440538,0.15702519434190362
PHM,0.16530776883798745,-0.0011295891588865062,0.2929669730531399,0.24794111224412002,-0.10739852063664575,0.022883446469028023,-0.0038556877149480443,0.005739985777373172
PVH,0.002753483091147628,-0.0005015692075226422,0.24370917914390108,0.5301583068051025,-0.17868567710890643,0.03298437867371224,-0.0020580644901622047,0.15707696872044766
QRVO,-0.03489680683268776,-0.0016591001524951178,0.42063754900503525,-0.6249319967911173,-0.09494078347004731,0.0425680728170706,-0.003944251188272442,0.09133900460248431
QCOM,-0.0038195711460341972,0.0009386253542056975,0.3899565027788703,1.6377909525353969,-0.11328958191084793,0.37584855581309473,0.0024070001333916895,0.03461872465328518
PWR,-0.011176935558291844,0.0007166487825130466,0.4120064369611971,1.0755009297654923,0.06221773238035225,0.1493648522714696,0.0017394116164756446,0.11947833612639396
DGX,-0.00033075659943815144,0.00011560017222093076,0.4986022241820838,0.8567844641224615,0.005226675809399131,0.2992293439622027,0.00023184848886417103,0.017440134526915386
RL,-0.021934893452103397,-0.00043096518052492634,0.3482176110263493,0.37779418276384596,-0.09537253399972306,0.07487128922427441,-0.0012376317764477328,0.13449566017910797
RJF,0.007069462508828315,0.0015394871201493804,0.5316190988639113,0.8996839592731214,0.017309465516204547,0.25025917985200474,0.0028958461489425763,0.1482530349318187
RTX,0.0005786385540265746,-0.00013300646645757056,0.6005898634806554,0.00572668625827698,0.01962350021085169,1.9473407925823693e-05,-0.00022145972575485305,0.15081731151418104
O,0.016141645152153796,9.716493302284253e-05,0.49732144229473285,0.18082865264043588,-0.04507550560311124,0.07886470436351317,0.00019537652061512895,0.10118714270738195
REG,0.001414034373347224,0.0001963374092764826,0.4680766372993608,0.7657000443620722,-0.07068959365914848,0.5495786928553645,0.0004194556908656691,0.10961897440819836
REGN,0.0011503814069777367,0.000999654462405036,0.596974295499779,0.6277426104065607,0.10174192751653628,0.13843417858906196,0.001674535185083871,0.07607507948908782
RF,0.00030497381720076154,0.0006431708298277072,0.3517837441893802,0.9278252316899342,-0.09555199957848516,0.33626034610766553,0.0018283131055693719,0.07039592348591878
RSG,0.0004346169006116655,0.0006890205745651952,0.5358271896746614,1.014689147440805,0.020780106287752342,0.49605003557690913,0.0012859007303894906,0.057014411302439234
RMD,-0.002622914649335049,-0.0015436323772205526,0.5598097385288909,0.3760326731541519,0.02458629827564191,0.03374117224893479,-0.002757423229679825,0.1391451700432395
RHI,-0.028037938820951253,0.0002495083494722602,0.41280510975948936,1.589829044597157,-0.050872650143517856,0.4899559281210612,0.0006044216594548213,0.15945901122014
ROK,-0.0020191850560839983,-0.0014045030114713509,0.5850346006715343,1.3894807742900628,-0.1476635675755347,0.2517774643542243,-0.002400717854737457,0.1542508380610906
ROL,0.02306090138263376,0.0006983085976094468,0.3911756076572179,-0.19489669627536926,0.0615882189398552,0.020555708537097938,0.0017851537364297148,0.0002415128186332035
ROP,-0.0024315722691930055,-3.761131257048003e-05,0.4023533951983906,0.13325597748418236,-0.018484722897363803,0.022949586402999152,-9.347830295289247e-05,0.1323681179487952
ROST,-0.01035283525296972,-0.0015482519021022632,0.34249989518977075,-0.19237945885643454,-0.08023589031255629,0.008213451108252364,-0.0045204448931127844,0.13125088752273847
RCL,0.000640898347305295,-0.0009659270201683254,0.5060191016403827,0.13179321045329848,-0.12697414503949223,0.0041956190382513026,-0.0019088746196280746,0.15453179079472687
SPGI,-0.00029422891130119174,-0.000989915771499551,0.4738457387637464,0.8990233327281435,-0.06605064653239166,0.22437908218364885,-0.00208910978936356,0.13970027953668931
CRM,-0.008948400561090402,-0.0006523452924719319,0.47056845761348154,0.9099313796074842,-0.16331862162944147,0.0826569324766986,-0.0013862920089891774,0.14530044919215612
SBAC,-0.003232650683402228,-0.0003064837483005518,0.5365329564142616,0.4249116134033708,0.006235167750916017,0.13822190641581902,-0.0005712300514563604,0.10928519899006812
SLB,-0.009473059554768855,0.0006418373163851496,0.4517050746332998,-0.1957105197572972,0.051614028966035105,0.0033378412648316907,0.0014209211993161726,0.0006638126396781639
STX,-0.0019325257096038438,0.000659872920283518,0.3482882147420908,1.136163755671707,-0.1729604861467987,0.28251878625276566,0.0018946174241702587,0.013220585401901339
SEE,-0.012868921829215865,0.00048665183537263603,0.44647862091590834,0.7334804511594978,-0.032221648054657964,0.2788466991512236,0.0010899779128826284,0.13060058453937828
SRE,0.0005003597899508675,-2.9664529329661042e-05,0.5918581437339017,-0.41747765782090024,0.034368118140879,0.04294075983948713,-5.012101234683384e-05,0.09137834398728287
NOW,-0.04708548707703697,-0.0001694383400831092,0.4218554116144724,1.0498069298998616,-0.0035493799269456228,0.15071872151692273,-0.0004016502702541042,0.14105036906866847
SHW,0.0012589865741898382,0.00026001152979250293,0.4981827328533983,1.1375796828397327,-0.0939183306981315,0.30558675502400423,0.0005219199957077141,0.019573504854582383
SPG,0.0007285873452410902,7.011007962695712e-05,0.524005620770131,1.5238645587380104,-0.17811950892079206,0.48061481009677803,0.0001337964266946533,0.1453123186592513
SWKS,4.168103255671883e-05,-0.0015557213051990947,0.4868155498637262,-0.4211265272364881,-0.06659656064715866,0.01984441563006809,-0.0031957099678401523,0.14510745718866508
SNA,-0.04029636205563654,0.0002185626017336537,0.07207772522169775,-0.17400937015709386,-0.05850840377317766,0.09398018854794532,0.0030323182517399874,0.01216543252036946
SO,0.0014106916774123451,0.00037275571034754896,0.5290659890472669,0.06966737778120365,0.039982878623355325,0.0024772229800915308,0.0007045542863543377,0.06266385041542916
LUV,0.0017378254959940537,-0.00030342431224016726,0.3196466338526357,-0.6477866981408823,-0.09063933150126387,0.21024199535325652,-0.0009492492024178572,0.07461310970079457
SWK,-0.006807723431618646,-0.0018829450130906592,0.45148493921400934,0.020380197883065478,-0.15407857284588874,6.04458965012878e-05,-0.004170559966781351,0.14888312106718551
SBUX,-0.00469040943765696,-0.0011172509744783368,0.4639159706787262,0.09744326878720892,-0.1023986568644588,0.0012624037021144443,-0.002408304617846541,0.11546891827910258
STT,0.0018173417078784177,0.0003777539247983079,0.34174645356326244,1.1252327012739014,-0.1224848785415299,0.26923362938263623,0.0011053631160165937,0.09482624438782132
STE,0.0013692847558445713,0.0004967781636129776,0.3287201741848754,0.6518095194121243,0.04612220384352478,0.3033617514852757,0.0015112493927238694,0.11307696086956794
SYK,0.005770737012814738,-0.0006679650792022506,0.39983715862264985,0.14913755740665305,-0.006691378154060994,0.022467069637176255,-0.0016705928020878346,0.13295515404727992
SIVB,-0.043036214859068424,0.0002544549424029084,0.24593426201564111,1.661666098822159,-0.12508518267566227,0.302737986951208,0.0010346461705556316,0.12757769385870732
SYF,-0.001976926057376756,-0.0007767162252649141,0.30388482994936705,0.22534552347098868,-0.11774256923346542,0.010011378608813484,-0.0025559559040651343,0.11170616201402397
SNPS,-0.004153273006453243,0.0009977146567053399,0.45968865379094015,1.3738468967723407,-0.013471793650183916,0.47484726665406335,0.0021704139279432517,0.02545552121569635
SYY,0.0038631569764180735,0.0006631633805263611,0.602965155699348,-0.026054586106451352,0.0005626247230801308,0.0005965455618495658,0.0010998369876899308,0.10656990478045202
TMUS,-0.0007781241782718932,-0.0001057058977672958,0.4703829235871256,-1.1380475647387787,0.02973154424455826,0.5363315942759516,-0.00022472307659722403,0.058315796117565925
TROW,-0.0032015540025287946,-0.00110012382317314,0.5871463220035867,0.34756259428564784,-0.11946925612951122,0.010182511489080103,-0.0018736791527860744,0.1427300066455986
TTWO,-0.005727966854651667,-0.0010419996634666213,0.30683785606758024,0.285171894163416,-0.18905105234223837,0.020820679762490985,-0.0033959292924961764,0.09388376511851465
TPR,-0.005607309973295348,-0.0007925761952589388,0.38863124461772275,0.25014648483604895,-0.13370755434725018,0.021163298931336685,-0.0020394042070357894,0.08060459647000294
TGT,-0.004462672578609229,-0.0023287114637989903,0.48864056247675547,0.23115791003094915,-0.041939321153965294,0.01146188897080802,-0.0047656941372110646,0.1165359488911633
TEL,0.010789611303027146,0.0004552266113008291,0.2329087895902005,1.0508496634349644,-0.10169450748566682,0.35921686109613676,0.0019545274014853343,0.00021335052074785443
TDY,0.002488945662864975,-0.0004697244877046255,0.3251356657332615,0.1903175318158169,-0.0037890527778168537,0.03734327003626699,-0.0014447030492495505,0.1611025082462028
TFX,-0.0009231036361294175,-0.0014818124088680795,0.36172297994523706,-0.7807582055187424,-0.02149561834420835,0.16368049622467462,-0.004096539316060091,0.11333873847771868
TER,0.00043796690276912196,-0.0007608892075940106,0.38602710319095884,1.3404557218223203,-0.22694204773098628,0.25054246082969345,-0.001971077163505838,0.0823547914726197
TSLA,0.010305780644057062,0.001182831955386687,0.4811259461641947,3.776786888248067,-0.10816219430401447,0.5337791139099374,0.002458466363780389,0.1622552459251371
TXN,0.04657356743733754,-0.0005763525750781643,0.24792913663773192,0.11459497771461184,-0.049694140163141186,0.012638941789277415,-0.00232466656761007,0.07203054689913409
TXT,0.001604627517590916,4.8096793243424093e-05,0.24186930318830802,0.7670668944590754,-0.046176651071302845,0.4919653552305379,0.00019885447474902676,0.0926669812512115
COO,0.0013093623322420309,-0.0006367421755362466,0.5317912056284713,0.304633536902761,0.026433136165279203,0.040617107495082815,-0.0011973537147605595,0.13520541253688534
HIG,-0.000856421696782612,0.0004594512455588208,0.5377656069633511,0.5372417388531389,-0.003084044632261182,0.25918122219984663,0.0008543708255223778,0.12868919543201937
HSY,-0.0032405737079120567,0.0009033576934811702,0.412667747711017,0.14608240811595333,0.08172197458364104,0.005409753686065288,0.0021890678360300974,0.06921240056374788
MOS,0.0032794212519389417,0.002375379693773844,0.6531188733581048,0.5070645783131079,0.268412956539965,0.00410918918380488,0.0036369791023806845,0.1180122408567254
TRV,0.0020191498333954317,0.0008528108991865164,0.4747788352289458,0.14100143408426236,0.045768679014379365,0.010590450993982002,0.0017962277083713675,0.07866012151618701
DIS,-0.0006770320199169352,-0.0011885907078505182,0.4509793065307125,-0.3121661003878367,-0.09770690999011,0.013853190591053305,-0.002635577044530253,0.16118933396143065
TMO,0.0006959884822618657,0.0008482370966310295,0.4684013576844677,1.4108568244704078,0.029392634462843015,0.5983973280379923,0.0018109193808153584,0.04254826039604173
TJX,-0.001211865764231553,-0.0002334169685784598,0.4163107494579319,0.5322211049157499,-0.04052178745204724,0.14010407664059082,-0.0005606796578814896,0.09132289063584458
TSCO,-0.29901719274896305,-0.0001534677563598593,0.45684219320022046,1.3278907834283735,-0.040202253630762824,0.48751494808691276,-0.0003359316600877076,0.14445101526645276
TT,-0.001973542261732732,-0.0009381137637247186,0.5301033763811126,0.4830784068024501,-0.11373941445393981,0.04199212882359021,-0.001769680793450127,0.14868013140559536
TDG,-4.48456410269885e-05,-0.00033724281973583853,0.5212840979010499,-0.11781745436536813,-0.04532678157814882,0.01793223579568978,-0.0006469463025895985,0.1486829984987757
TRMB,-0.0023070253468408883,-0.00042786325599610697,0.48114698594749333,0.40397599348299534,-0.05328571340075714,0.029962542853646443,-0.0008892568559970131,0.06076986599305623
TFC,-0.0013601861318004985,-0.00024997395235999394,0.4387865982560273,0.8847951782693441,-0.10513899284962504,0.25305624360238643,-0.0005696936810593673,0.1590280238373725
TWTR,-0.0006041550199383172,-0.0011169003058725828,0.49144062809938177,-1.6605475870394797,0.05739640550551997,0.17637885905177206,-0.002272706491915677,0.08116575826852171
TYL,-0.005213244190984203,-0.000417441286184207,0.3679005522751734,1.0076789798422394,-0.08325783374708218,0.17137579795385074,-0.0011346579492818466,0.15335144295073022
TSN,-0.030101519945007177,0.0004918666362754567,0.46240266506111904,0.7292164268238773,-0.011807081345576703,0.14720667830352951,0.0010637192936819324,0.12773017534123973
USB,-0.002284967408807643,-4.557639314965568e-05,0.32866112204277487,0.3199619183272828,-0.07236821191396864,0.07350219516101834,-0.00013867290681166713,0.06934732693788852
UDR,-8.353403747963519e-05,-0.0005641909916755961,0.44125791414262344,0.8600192873510929,-0.028415590401563537,0.40122536076306053,-0.0012785968785893284,0.15628692563128277
ULTA,0.015541166097333812,0.0012281610775237428,0.3982936049135667,0.7342295617581874,0.023372034774440956,0.27529795075552027,0.003083557110564868,0.1361949501432303
UAA,0.0012290058720641397,-0.00222831083991847,0.39012423455266587,1.2140524461868551,-0.22810985183307436,0.09553311674203717,-0.005711798044214178,0.14924642948863925
UA,-0.001164706415296606,-0.002186174282585754,0.41692853538661534,1.0119272175292773,-0.1921543978070323,0.07838082427383344,-0.005243522803155049,0.14944757252253837
UNP,-0.018642320646761964,1.4678813910863576e-05,0.2304030004792089,0.7656976018638284,-0.05357964834367716,0.2596670688767193,6.370930014076863e-05,0.15188072269576045
UAL,-0.0021530701003698817,0.00035105834613510274,0.35376452849748274,-0.4937036584049639,-0.10620162801843662,0.12193307492271994,0.0009923503286949833,0.025852679437934747
UPS,-0.0030989607281694817,0.0001177799568547186,0.3436574829829898,0.25352279071049544,-0.03798369337803175,0.03828704359790852,0.00034272484286497674,0.13382866372892147
URI,0.004413168140953046,-0.00018664892031699056,0.27797592310666386,0.8384234241595201,-0.01814356182116586,0.2500730550388988,-0.000671457147191019,0.14671583127381413
UNH,-0.004453810676470269,0.00047315505498142355,0.3616197643332604,0.6825107112694383,0.0555161072185706,0.1142402999729316,0.0013084325074261562,0.14689719831945305
UHS,-0.0006986325694788378,-0.0014643436821611098,0.4246884717903504,-0.6048933436027023,-0.03464502823486568,0.1638390598997695,-0.0034480419870779786,0.11834887920663835
VLO,0.0033044451654880456,0.0026546953058139986,0.6712103935253356,-0.7294505111997817,0.1280829614210032,0.02355904395118114,0.00395508670816462,0.131717342723618
VTR,0.00047640196653636504,-0.00031485213481585934,0.5349572891215391,-0.6228840191884918,0.024074927458129995,0.26922858836599134,-0.0005885556496162198,0.10903538941328227
VRSN,0.039008591385710334,-0.0007299774372952683,0.3761758072621251,0.6003560797076193,-0.09783756068206237,0.11058602467291025,-0.001940522019765638,0.15393744079212915
VRSK,0.0002459537591504102,0.0003853893821347701,0.6830552812472851,1.3948406439907102,-0.03653925332011271,0.5094306462359659,0.0005642140434534586,0.16367645471252143
VZ,-0.0018241106660120093,-0.0007212699120432666,0.43866755113016004,-0.30391880161712737,-0.03069029019562313,0.15887782044506132,-0.0016442290071034995,0.06791028927637281
VRTX,-0.018325703860812476,0.0007818292284605522,0.4580605910759342,-0.009243251299345407,0.1264828166405455,8.447372443973564e-06,0.0017068249128878799,0.08906172108590403
VFC,-0.0015975634584802462,-0.001669518628258427,0.4118773686931789,-0.04232621051761329,-0.16519778540783744,0.0002539375321969249,-0.004053436180665966,0.1584643816589865
VIAC,-0.00010310535753098424,-0.0005920932294516521,0.32626631644152615,-1.2423585649806963,0.046029487282765014,0.5455014973371292,-0.0018147543881005192,0.1267626953667783
VTRS,-0.0014602010612926506,0.00050553789416975,0.40422562334911805,-0.06277994339199741,-0.15108365041022565,0.0009424206062471465,0.0012506329756664916,0.04624330219067732
V,0.0018555118942824857,3.7066751087447487e-05,0.5345394780317848,-0.5394544144109452,0.012594233210795246,0.2230778429960253,6.934333685498796e-05,0.08801787870615115
VNO,0.0004379780344143675,-0.0009361587881526476,0.4508051370765014,0.004427636610308197,-0.15280082316542612,1.0143049674080439e-05,-0.0020766373564944135,0.16271390369461872
VMC,0.012230311273044596,0.0002891742845674332,0.2588912185731029,1.0087403781926063,-0.07225619967712552,0.512498148609477,0.0011169721636803194,0.10499310320735052
WRB,-0.0022272268329265625,0.0020372233961676463,0.4670892541734337,0.12496071059389693,0.10972347176414214,0.0019324046597603373,0.004361529146656861,0.03494888975881601
GWW,0.0017240394338745666,0.00044073939283656286,0.5380505312203385,0.6000991632401182,-0.04722314028363196,0.16893519224350878,0.0008191412651093071,0.12810897936437046
WAB,0.008673362874166143,0.0009602425945732965,0.2258778655078551,0.6985154420266583,0.018718679084570075,0.41803748757662984,0.004251158440931447,0.04332466716420474
WBA,-0.002946810225110539,-0.001311043952933598,0.5904948101206886,0.21684410300598367,-0.15001820593767423,0.041766663699833326,-0.002220246360278153,0.0922500539976733
WMT,-0.0011954222335957662,-0.0006720377349651136,0.5704024183733459,0.2764035632415991,-0.022431490173728204,0.06889105128763108,-0.0011781817771418428,0.12268413125555899
WM,0.0008766056811734713,0.000472113003356869,0.4999403888686316,0.6980054202417393,0.006375336775157947,0.4407818578129216,0.0009443385928975729,0.04437066261672744
WAT,-0.0018658044626020036,-8.270719556654614e-05,0.5167117975022594,-0.18665173215602426,0.05889249824040695,0.010028688376518324,-0.0001600644614006215,0.08938071513154308
WEC,-0.00890445727542504,0.0002302248779556428,0.4098116699601199,-0.034668202921098935,0.02929334405120495,0.0011179971850975154,0.0005617821424608204,0.0003887905057001515
WFC,0.0029384204408822905,0.00010335712006819496,0.25698543378872474,0.8960435494138901,-0.04578293322044101,0.2690516254292419,0.0004021905776697363,0.13820945048942374
WELL,0.0006747758632187212,0.0003929649151138525,0.5226184353955645,-0.005516109149822069,0.06392238054716352,2.7684185137725003e-05,0.0007519155247870684,0.14505501553029768
WST,0.023798300956851717,-0.00035002884161143533,0.5522465925943807,1.234975509723052,-0.018337808164486075,0.22637972455026373,-0.0006338270734583379,0.1468827931663351
WDC,0.023994322697839902,0.00027531743430921426,0.44083695067056267,-0.6084906414412192,-0.13894403110031603,0.1274289748129058,0.0006245334786261121,0.1141983577942182
WU,-0.0016607031897901674,-0.0009400343816361614,0.5338428440799234,-1.0352160435074689,-0.07095557238724984,0.37371974897661525,-0.0017608822372739827,0.11406041520675103
WRK,-0.0006531652706072343,-0.00040987483227750593,0.37137010098099443,-0.5761442583295557,-0.04963705865388873,0.29501147355075247,-0.0011036829060680953,0.05702315556526887
WY,0.010593989519007915,0.000540235683565129,0.34473743617653063,0.6451149363060077,0.0054296473916609495,0.23501125970151573,0.001567093175481206,0.09272935021557635
WHR,0.01422787604846004,-0.0005256015905908826,0.30585167055507034,0.38337088133147834,-0.1145023881702874,0.052470254156410684,-0.0017184852697943497,0.0006308625697343537
WMB,0.004630092699986939,0.001001819689836252,0.40845617636511894,-0.09550778767941794,0.07400387580857327,0.0012180728458574502,0.0024526981052202905,0.006333141881105224
WLTW,-0.0003395864364100008,-0.00024064732935079585,0.6161861014733825,0.0870600285371512,-0.11233113425022931,0.01830575412269477,-0.0003905432608352838,0.23511694036419314
WYNN,-0.005965473061449687,-0.0016090017764614187,0.24901536226087645,-0.812046863142767,-0.18622959875923253,0.11925241680475034,-0.006461455879078565,0.12941491547118675
XEL,0.004923306484608015,0.0002949257458425462,0.2517550384723598,-0.16762355473079657,0.014228990427530864,0.027961220975582877,0.0011714790203689455,0.003707788772091106
XLNX,0.0073842152030267495,0.0039559786898817504,0.4132629663746439,3.284076596230686,-0.10454918375957972,0.6231476509222856,0.00957254584069228,0.08931812284070921
XYL,-0.002225361273677795,-0.001197463844926661,0.5028343447743185,0.3773573630011236,-0.11122242446841754,0.01371791754218489,-0.0023814281131972104,0.03280330564433773
YUM,0.002207628037740354,-0.00042842697770425337,0.21270967882568584,0.592339366059304,-0.030335218387758184,0.2828943483165713,-0.0020141395542952532,0.13220569059984122
ZBRA,-0.001095884152878862,-0.0013929664379729526,0.6385613665991375,1.0145691880865841,-0.16466596489229327,0.09015083315595125,-0.0021814135818952534,0.15442255069051603
ZBH,-0.0022802890871752544,-0.0012753088960582102,0.3779814581793248,-0.8798200943235689,-0.025107856491448297,0.2216090285484434,-0.0033739985612023554,0.11041845154408708
ZION,-0.006383319080404324,0.0008538529996923638,0.43877872004537244,1.3692223140088389,-0.05374380312416502,0.3619919742199996,0.0019459763217415606,0.14786311421894233
ZTS,-0.0015670320503772405,-0.00033371164864441107,0.44513986637472436,1.0810440927749196,-0.06612995858964779,0.31228012535364036,-0.0007496781884808502,0.16022854594469577
